Tarih;Saat;Tﮰketim Miktar?(MWh)
31.07.2025;00:00;48.719,05
31.07.2025;01:00;46.512,35
31.07.2025;02:00;44.677,75
31.07.2025;03:00;43.444,06
31.07.2025;04:00;42.240,39
31.07.2025;05:00;41.480,76
31.07.2025;06:00;40.528,53
31.07.2025;07:00;42.810,78
31.07.2025;08:00;49.119,15
31.07.2025;09:00;52.969,26
31.07.2025;10:00;54.544,74
31.07.2025;11:00;55.670,45
31.07.2025;12:00;55.087,15
31.07.2025;13:00;56.469,44
31.07.2025;14:00;57.612,75
31.07.2025;15:00;57.203,88
31.07.2025;16:00;56.829,32
31.07.2025;17:00;56.000,52
31.07.2025;18:00;54.117,15
31.07.2025;19:00;53.969,23
31.07.2025;20:00;54.763,59
31.07.2025;21:00;54.006,59
31.07.2025;22:00;52.260,61
31.07.2025;23:00;50.304,02
1.08.2025;00:00;47.862,39
1.08.2025;01:00;45.732,50
1.08.2025;02:00;44.115,56
1.08.2025;03:00;42.615,43
1.08.2025;04:00;41.641,22
1.08.2025;05:00;39.516,07
1.08.2025;06:00;40.094,63
1.08.2025;07:00;42.126,38
1.08.2025;08:00;48.398,31
1.08.2025;09:00;51.818,18
1.08.2025;10:00;53.691,23
1.08.2025;11:00;53.562,04
1.08.2025;12:00;53.010,24
1.08.2025;13:00;52.602,99
1.08.2025;14:00;55.314,91
1.08.2025;15:00;55.270,96
1.08.2025;16:00;54.787,25
1.08.2025;17:00;53.780,11
1.08.2025;18:00;51.886,41
1.08.2025;19:00;51.694,23
1.08.2025;20:00;52.574,58
1.08.2025;21:00;51.702,35
1.08.2025;22:00;50.127,61
1.08.2025;23:00;48.312,99
2.08.2025;00:00;46.099,40
2.08.2025;01:00;44.469,79
2.08.2025;02:00;42.803,21
2.08.2025;03:00;41.526,82
2.08.2025;04:00;40.564,11
2.08.2025;05:00;39.828,18
2.08.2025;06:00;38.526,90
2.08.2025;07:00;39.705,23
2.08.2025;08:00;43.899,69
2.08.2025;09:00;46.977,56
2.08.2025;10:00;49.032,66
2.08.2025;11:00;50.250,30
2.08.2025;12:00;50.107,20
2.08.2025;13:00;50.952,34
2.08.2025;14:00;51.509,05
2.08.2025;15:00;51.210,66
2.08.2025;16:00;50.518,13
2.08.2025;17:00;49.992,91
2.08.2025;18:00;49.433,14
2.08.2025;19:00;49.115,25
2.08.2025;20:00;50.327,84
2.08.2025;21:00;49.643,66
2.08.2025;22:00;48.011,32
2.08.2025;23:00;46.126,74
3.08.2025;00:00;43.273,47
3.08.2025;01:00;41.340,95
3.08.2025;02:00;39.826,12
3.08.2025;03:00;38.790,31
3.08.2025;04:00;37.690,30
3.08.2025;05:00;36.948,16
3.08.2025;06:00;35.308,70
3.08.2025;07:00;35.470,16
3.08.2025;08:00;37.227,07
3.08.2025;09:00;39.027,42
3.08.2025;10:00;41.170,47
3.08.2025;11:00;42.848,95
3.08.2025;12:00;43.492,65
3.08.2025;13:00;44.608,20
3.08.2025;14:00;45.022,43
3.08.2025;15:00;45.028,89
3.08.2025;16:00;45.096,37
3.08.2025;17:00;44.838,99
3.08.2025;18:00;45.073,39
3.08.2025;19:00;45.678,45
3.08.2025;20:00;47.277,66
3.08.2025;21:00;46.596,35
3.08.2025;22:00;45.545,79
3.08.2025;23:00;44.179,20
4.08.2025;00:00;42.542,93
4.08.2025;01:00;40.636,17
4.08.2025;02:00;39.135,97
4.08.2025;03:00;37.814,72
4.08.2025;04:00;37.018,73
4.08.2025;05:00;36.299,71
4.08.2025;06:00;35.664,02
4.08.2025;07:00;38.184,34
4.08.2025;08:00;45.050,36
4.08.2025;09:00;49.172,75
4.08.2025;10:00;51.376,30
4.08.2025;11:00;52.795,33
4.08.2025;12:00;52.328,02
4.08.2025;13:00;53.571,60
4.08.2025;14:00;55.098,53
4.08.2025;15:00;55.507,95
4.08.2025;16:00;54.554,08
4.08.2025;17:00;53.810,70
4.08.2025;18:00;52.113,36
4.08.2025;19:00;51.950,75
4.08.2025;20:00;53.007,44
4.08.2025;21:00;52.216,34
4.08.2025;22:00;50.622,44
4.08.2025;23:00;48.636,95
5.08.2025;00:00;46.098,28
5.08.2025;01:00;44.054,95
5.08.2025;02:00;42.361,10
5.08.2025;03:00;40.970,07
5.08.2025;04:00;39.798,95
5.08.2025;05:00;39.329,47
5.08.2025;06:00;38.473,95
5.08.2025;07:00;40.877,32
5.08.2025;08:00;46.985,70
5.08.2025;09:00;50.033,84
5.08.2025;10:00;52.633,24
5.08.2025;11:00;53.753,01
5.08.2025;12:00;53.240,30
5.08.2025;13:00;54.649,06
5.08.2025;14:00;56.150,79
5.08.2025;15:00;56.091,02
5.08.2025;16:00;55.825,90
5.08.2025;17:00;54.569,78
5.08.2025;18:00;52.872,84
5.08.2025;19:00;53.049,72
5.08.2025;20:00;54.182,62
5.08.2025;21:00;53.039,40
5.08.2025;22:00;51.393,38
5.08.2025;23:00;49.338,68
6.08.2025;00:00;46.954,40
6.08.2025;01:00;44.841,83
6.08.2025;02:00;43.406,95
6.08.2025;03:00;42.180,42
6.08.2025;04:00;41.141,74
6.08.2025;05:00;40.437,57
6.08.2025;06:00;39.520,06
6.08.2025;07:00;41.863,66
6.08.2025;08:00;47.686,45
6.08.2025;09:00;51.616,94
6.08.2025;10:00;53.507,28
6.08.2025;11:00;54.948,23
6.08.2025;12:00;54.556,40
6.08.2025;13:00;56.000,41
6.08.2025;14:00;56.770,53
6.08.2025;15:00;56.286,14
6.08.2025;16:00;56.536,66
6.08.2025;17:00;55.039,57
6.08.2025;18:00;53.586,69
6.08.2025;19:00;53.647,23
6.08.2025;20:00;54.565,24
6.08.2025;21:00;53.619,09
6.08.2025;22:00;52.113,56
6.08.2025;23:00;49.972,94
7.08.2025;00:00;47.388,81
7.08.2025;01:00;45.412,81
7.08.2025;02:00;43.636,36
7.08.2025;03:00;42.216,96
7.08.2025;04:00;41.085,41
7.08.2025;05:00;40.399,85
7.08.2025;06:00;39.680,28
7.08.2025;07:00;41.480,76
7.08.2025;08:00;47.177,64
7.08.2025;09:00;50.851,86
7.08.2025;10:00;53.076,84
7.08.2025;11:00;54.025,86
7.08.2025;12:00;53.613,60
7.08.2025;13:00;54.624,15
7.08.2025;14:00;56.635,93
7.08.2025;15:00;56.106,52
7.08.2025;16:00;55.957,70
7.08.2025;17:00;54.968,62
7.08.2025;18:00;53.335,93
7.08.2025;19:00;53.506,40
7.08.2025;20:00;54.564,66
7.08.2025;21:00;53.583,26
7.08.2025;22:00;51.771,81
7.08.2025;23:00;49.428,46
8.08.2025;00:00;47.592,79
8.08.2025;01:00;45.563,18
8.08.2025;02:00;43.742,59
8.08.2025;03:00;42.516,11
8.08.2025;04:00;41.074,15
8.08.2025;05:00;40.587,29
8.08.2025;06:00;39.998,82
8.08.2025;07:00;42.148,59
8.08.2025;08:00;47.597,15
8.08.2025;09:00;51.537,85
8.08.2025;10:00;54.123,98
8.08.2025;11:00;55.539,03
8.08.2025;12:00;54.374,76
8.08.2025;13:00;53.738,61
8.08.2025;14:00;56.826,20
8.08.2025;15:00;56.846,95
8.08.2025;16:00;56.736,52
8.08.2025;17:00;55.373,42
8.08.2025;18:00;53.190,19
8.08.2025;19:00;52.236,73
8.08.2025;20:00;53.757,93
8.08.2025;21:00;52.771,67
8.08.2025;22:00;51.094,74
8.08.2025;23:00;49.211,55
9.08.2025;00:00;46.998,04
9.08.2025;01:00;44.704,67
9.08.2025;02:00;43.060,06
9.08.2025;03:00;41.872,39
9.08.2025;04:00;40.917,08
9.08.2025;05:00;40.000,03
9.08.2025;06:00;38.847,82
9.08.2025;07:00;40.229,67
9.08.2025;08:00;44.586,35
9.08.2025;09:00;47.543,65
9.08.2025;10:00;49.960,96
9.08.2025;11:00;51.383,17
9.08.2025;12:00;51.193,43
9.08.2025;13:00;52.102,12
9.08.2025;14:00;52.349,94
9.08.2025;15:00;52.022,32
9.08.2025;16:00;51.573,99
9.08.2025;17:00;51.500,74
9.08.2025;18:00;51.485,60
9.08.2025;19:00;51.819,18
9.08.2025;20:00;52.782,94
9.08.2025;21:00;51.846,85
9.08.2025;22:00;50.283,05
9.08.2025;23:00;48.248,71
10.08.2025;00:00;46.131,77
10.08.2025;01:00;44.186,36
10.08.2025;02:00;42.475,02
10.08.2025;03:00;40.775,89
10.08.2025;04:00;39.573,58
10.08.2025;05:00;38.673,07
10.08.2025;06:00;36.991,72
10.08.2025;07:00;36.784,26
10.08.2025;08:00;38.406,33
10.08.2025;09:00;40.721,58
10.08.2025;10:00;43.167,97
10.08.2025;11:00;44.747,38
10.08.2025;12:00;45.914,18
10.08.2025;13:00;47.558,70
10.08.2025;14:00;47.302,61
10.08.2025;15:00;47.496,89
10.08.2025;16:00;47.401,42
10.08.2025;17:00;47.199,75
10.08.2025;18:00;47.525,97
10.08.2025;19:00;48.332,51
10.08.2025;20:00;49.142,18
10.08.2025;21:00;48.865,26
10.08.2025;22:00;47.873,70
10.08.2025;23:00;46.327,55
11.08.2025;00:00;44.441,51
11.08.2025;01:00;42.646,81
11.08.2025;02:00;41.265,46
11.08.2025;03:00;39.826,96
11.08.2025;04:00;38.716,19
11.08.2025;05:00;38.120,49
11.08.2025;06:00;37.568,50
11.08.2025;07:00;40.064,58
11.08.2025;08:00;46.875,33
11.08.2025;09:00;50.632,41
11.08.2025;10:00;53.122,59
11.08.2025;11:00;54.602,28
11.08.2025;12:00;54.242,75
11.08.2025;13:00;55.837,58
11.08.2025;14:00;57.010,11
11.08.2025;15:00;56.577,97
11.08.2025;16:00;56.490,61
11.08.2025;17:00;55.387,22
11.08.2025;18:00;54.028,08
11.08.2025;19:00;54.181,49
11.08.2025;20:00;54.988,83
11.08.2025;21:00;53.917,91
11.08.2025;22:00;52.149,83
11.08.2025;23:00;49.973,04
12.08.2025;00:00;47.551,24
12.08.2025;01:00;45.468,09
12.08.2025;02:00;43.620,28
12.08.2025;03:00;42.209,87
12.08.2025;04:00;41.129,38
12.08.2025;05:00;40.347,81
12.08.2025;06:00;40.015,79
12.08.2025;07:00;41.849,86
12.08.2025;08:00;47.436,45
12.08.2025;09:00;50.957,12
12.08.2025;10:00;53.072,61
12.08.2025;11:00;54.814,41
12.08.2025;12:00;53.971,32
12.08.2025;13:00;55.423,41
12.08.2025;14:00;56.694,03
12.08.2025;15:00;56.789,62
12.08.2025;16:00;56.095,81
12.08.2025;17:00;55.403,51
12.08.2025;18:00;54.062,38
12.08.2025;19:00;53.842,77
12.08.2025;20:00;55.013,93
12.08.2025;21:00;53.518,60
12.08.2025;22:00;51.948,12
12.08.2025;23:00;49.892,35
13.08.2025;00:00;47.127,78
13.08.2025;01:00;45.303,69
13.08.2025;02:00;42.210,82
13.08.2025;03:00;42.461,40
13.08.2025;04:00;41.180,26
13.08.2025;05:00;40.465,17
13.08.2025;06:00;39.623,57
13.08.2025;07:00;41.789,77
13.08.2025;08:00;47.713,96
13.08.2025;09:00;51.375,78
13.08.2025;10:00;53.170,95
13.08.2025;11:00;54.326,03
13.08.2025;12:00;54.390,86
13.08.2025;13:00;55.701,17
13.08.2025;14:00;56.777,64
13.08.2025;15:00;56.142,49
13.08.2025;16:00;56.637,70
13.08.2025;17:00;55.343,43
13.08.2025;18:00;53.768,38
13.08.2025;19:00;53.914,75
13.08.2025;20:00;54.656,11
13.08.2025;21:00;53.475,04
13.08.2025;22:00;51.724,50
13.08.2025;23:00;49.703,09
14.08.2025;00:00;47.240,14
14.08.2025;01:00;45.227,51
14.08.2025;02:00;43.524,71
14.08.2025;03:00;42.157,93
14.08.2025;04:00;41.200,21
14.08.2025;05:00;40.581,38
14.08.2025;06:00;39.775,96
14.08.2025;07:00;41.481,51
14.08.2025;08:00;47.194,21
14.08.2025;09:00;50.515,47
14.08.2025;10:00;52.575,30
14.08.2025;11:00;54.021,75
14.08.2025;12:00;53.755,06
14.08.2025;13:00;54.842,05
14.08.2025;14:00;56.168,64
14.08.2025;15:00;56.040,83
14.08.2025;16:00;55.862,32
14.08.2025;17:00;54.573,54
14.08.2025;18:00;53.318,42
14.08.2025;19:00;53.454,75
14.08.2025;20:00;54.409,27
14.08.2025;21:00;53.155,87
14.08.2025;22:00;51.358,32
14.08.2025;23:00;49.167,23
15.08.2025;00:00;46.991,67
15.08.2025;01:00;45.002,69
15.08.2025;02:00;43.190,17
15.08.2025;03:00;41.952,12
15.08.2025;04:00;40.975,98
15.08.2025;05:00;40.411,41
15.08.2025;06:00;39.485,46
15.08.2025;07:00;41.532,46
15.08.2025;08:00;46.924,34
15.08.2025;09:00;50.497,84
15.08.2025;10:00;52.181,66
15.08.2025;11:00;53.601,68
15.08.2025;12:00;52.725,54
15.08.2025;13:00;53.044,61
15.08.2025;14:00;55.325,22
15.08.2025;15:00;55.071,69
15.08.2025;16:00;54.073,23
15.08.2025;17:00;53.653,37
15.08.2025;18:00;51.846,13
15.08.2025;19:00;52.153,72
15.08.2025;20:00;52.915,06
15.08.2025;21:00;51.653,50
15.08.2025;22:00;50.180,31
15.08.2025;23:00;48.143,52
16.08.2025;00:00;45.966,12
16.08.2025;01:00;43.945,81
16.08.2025;02:00;42.397,32
16.08.2025;03:00;40.932,16
16.08.2025;04:00;39.970,67
16.08.2025;05:00;39.194,83
16.08.2025;06:00;37.959,37
16.08.2025;07:00;39.017,50
16.08.2025;08:00;42.888,68
16.08.2025;09:00;45.926,35
16.08.2025;10:00;47.617,48
16.08.2025;11:00;48.444,85
16.08.2025;12:00;48.440,80
16.08.2025;13:00;49.594,23
16.08.2025;14:00;49.193,04
16.08.2025;15:00;49.041,93
16.08.2025;16:00;48.634,32
16.08.2025;17:00;48.435,15
16.08.2025;18:00;48.475,68
16.08.2025;19:00;49.237,07
16.08.2025;20:00;49.897,14
16.08.2025;21:00;48.725,20
16.08.2025;22:00;47.191,49
16.08.2025;23:00;45.173,78
17.08.2025;00:00;43.232,69
17.08.2025;01:00;41.524,64
17.08.2025;02:00;39.879,21
17.08.2025;03:00;38.596,45
17.08.2025;04:00;37.563,68
17.08.2025;05:00;36.688,95
17.08.2025;06:00;35.391,48
17.08.2025;07:00;35.078,10
17.08.2025;08:00;36.364,20
17.08.2025;09:00;37.901,13
17.08.2025;10:00;40.274,74
17.08.2025;11:00;41.527,57
17.08.2025;12:00;42.424,43
17.08.2025;13:00;43.425,54
17.08.2025;14:00;43.664,50
17.08.2025;15:00;44.064,53
17.08.2025;16:00;43.695,06
17.08.2025;17:00;43.803,58
17.08.2025;18:00;44.452,68
17.08.2025;19:00;45.538,91
17.08.2025;20:00;46.940,59
17.08.2025;21:00;46.034,94
17.08.2025;22:00;43.375,95
17.08.2025;23:00;43.351,40
18.08.2025;00:00;41.671,68
18.08.2025;01:00;39.926,96
18.08.2025;02:00;38.515,32
18.08.2025;03:00;37.510,14
18.08.2025;04:00;37.005,16
18.08.2025;05:00;36.336,38
18.08.2025;06:00;36.350,10
18.08.2025;07:00;38.450,00
18.08.2025;08:00;45.206,89
18.08.2025;09:00;48.702,73
18.08.2025;10:00;50.620,05
18.08.2025;11:00;52.104,91
18.08.2025;12:00;51.452,24
18.08.2025;13:00;52.686,61
18.08.2025;14:00;54.053,24
18.08.2025;15:00;53.928,90
18.08.2025;16:00;53.738,66
18.08.2025;17:00;53.091,91
18.08.2025;18:00;51.769,77
18.08.2025;19:00;51.684,09
18.08.2025;20:00;52.458,21
18.08.2025;21:00;50.920,42
18.08.2025;22:00;49.177,25
18.08.2025;23:00;46.985,24
19.08.2025;00:00;44.781,68
19.08.2025;01:00;42.987,30
19.08.2025;02:00;41.452,53
19.08.2025;03:00;40.275,09
19.08.2025;04:00;39.525,76
19.08.2025;05:00;38.848,69
19.08.2025;06:00;37.930,43
19.08.2025;07:00;39.643,48
19.08.2025;08:00;45.646,15
19.08.2025;09:00;49.114,90
19.08.2025;10:00;50.239,86
19.08.2025;11:00;52.242,26
19.08.2025;12:00;51.128,35
19.08.2025;13:00;52.866,73
19.08.2025;14:00;54.095,12
19.08.2025;15:00;53.623,25
19.08.2025;16:00;53.592,31
19.08.2025;17:00;52.912,17
19.08.2025;18:00;51.545,65
19.08.2025;19:00;51.687,71
19.08.2025;20:00;52.616,98
19.08.2025;21:00;51.133,41
19.08.2025;22:00;49.438,31
19.08.2025;23:00;47.318,56
20.08.2025;00:00;45.176,22
20.08.2025;01:00;43.232,76
20.08.2025;02:00;41.799,43
20.08.2025;03:00;40.580,61
20.08.2025;04:00;39.435,51
20.08.2025;05:00;39.212,59
20.08.2025;06:00;38.437,55
20.08.2025;07:00;40.494,80
20.08.2025;08:00;46.065,87
20.08.2025;09:00;49.118,61
20.08.2025;10:00;51.166,95
20.08.2025;11:00;52.161,18
20.08.2025;12:00;51.233,86
20.08.2025;13:00;52.508,92
20.08.2025;14:00;53.687,76
20.08.2025;15:00;53.502,68
20.08.2025;16:00;52.901,17
20.08.2025;17:00;52.274,09
20.08.2025;18:00;50.994,80
20.08.2025;19:00;51.524,85
20.08.2025;20:00;52.215,03
20.08.2025;21:00;50.923,23
20.08.2025;22:00;49.373,53
20.08.2025;23:00;45.823,16
21.08.2025;00:00;44.818,22
21.08.2025;01:00;42.933,22
21.08.2025;02:00;41.221,93
21.08.2025;03:00;39.959,86
21.08.2025;04:00;39.493,86
21.08.2025;05:00;38.977,54
21.08.2025;06:00;38.247,59
21.08.2025;07:00;40.068,76
21.08.2025;08:00;45.404,02
21.08.2025;09:00;48.835,21
21.08.2025;10:00;50.462,57
21.08.2025;11:00;51.741,77
21.08.2025;12:00;50.930,99
21.08.2025;13:00;52.208,08
21.08.2025;14:00;53.600,60
21.08.2025;15:00;53.693,11
21.08.2025;16:00;53.397,86
21.08.2025;17:00;52.731,70
21.08.2025;18:00;51.408,09
21.08.2025;19:00;51.732,15
21.08.2025;20:00;52.511,67
21.08.2025;21:00;51.075,64
21.08.2025;22:00;49.249,39
21.08.2025;23:00;46.870,10
22.08.2025;00:00;44.864,51
22.08.2025;01:00;42.926,73
22.08.2025;02:00;41.191,92
22.08.2025;03:00;39.954,41
22.08.2025;04:00;39.207,94
22.08.2025;05:00;38.839,75
22.08.2025;06:00;38.261,23
22.08.2025;07:00;39.906,69
22.08.2025;08:00;45.328,53
22.08.2025;09:00;48.612,57
22.08.2025;10:00;50.412,94
22.08.2025;11:00;51.810,96
22.08.2025;12:00;50.838,54
22.08.2025;13:00;51.587,68
22.08.2025;14:00;53.719,40
22.08.2025;15:00;53.779,12
22.08.2025;16:00;53.776,87
22.08.2025;17:00;53.425,72
22.08.2025;18:00;52.104,14
22.08.2025;19:00;52.239,53
22.08.2025;20:00;52.600,72
22.08.2025;21:00;51.160,01
22.08.2025;22:00;49.154,14
22.08.2025;23:00;45.898,49
23.08.2025;00:00;44.809,46
23.08.2025;01:00;42.748,48
23.08.2025;02:00;41.201,39
23.08.2025;03:00;39.839,14
23.08.2025;04:00;38.870,70
23.08.2025;05:00;38.482,23
23.08.2025;06:00;37.202,25
23.08.2025;07:00;38.084,88
23.08.2025;08:00;41.983,49
23.08.2025;09:00;45.459,78
23.08.2025;10:00;47.606,24
23.08.2025;11:00;48.922,56
23.08.2025;12:00;48.795,07
23.08.2025;13:00;49.797,79
23.08.2025;14:00;50.254,86
23.08.2025;15:00;50.023,88
23.08.2025;16:00;49.386,16
23.08.2025;17:00;49.156,62
23.08.2025;18:00;49.193,33
23.08.2025;19:00;49.818,30
23.08.2025;20:00;50.409,55
23.08.2025;21:00;49.035,04
23.08.2025;22:00;47.346,40
23.08.2025;23:00;45.243,73
24.08.2025;00:00;43.257,62
24.08.2025;01:00;41.442,55
24.08.2025;02:00;39.540,19
24.08.2025;03:00;38.472,24
24.08.2025;04:00;37.384,92
24.08.2025;05:00;36.532,52
24.08.2025;06:00;34.711,19
24.08.2025;07:00;34.778,77
24.08.2025;08:00;36.447,40
24.08.2025;09:00;38.292,19
24.08.2025;10:00;40.347,97
24.08.2025;11:00;41.747,01
24.08.2025;12:00;42.345,11
24.08.2025;13:00;43.363,10
24.08.2025;14:00;43.614,88
24.08.2025;15:00;43.433,78
24.08.2025;16:00;43.175,86
24.08.2025;17:00;43.652,47
24.08.2025;18:00;44.094,45
24.08.2025;19:00;45.337,85
24.08.2025;20:00;46.188,24
24.08.2025;21:00;44.909,31
24.08.2025;22:00;43.862,33
24.08.2025;23:00;42.521,43
25.08.2025;00:00;40.945,33
25.08.2025;01:00;39.184,04
25.08.2025;02:00;37.914,94
25.08.2025;03:00;36.885,27
25.08.2025;04:00;36.087,76
25.08.2025;05:00;35.792,26
25.08.2025;06:00;35.375,05
25.08.2025;07:00;37.689,17
25.08.2025;08:00;44.131,81
25.08.2025;09:00;47.401,73
25.08.2025;10:00;49.379,48
25.08.2025;11:00;50.319,86
25.08.2025;12:00;49.394,90
25.08.2025;13:00;50.815,45
25.08.2025;14:00;52.053,87
25.08.2025;15:00;51.719,89
25.08.2025;16:00;51.807,39
25.08.2025;17:00;51.555,00
25.08.2025;18:00;50.180,23
25.08.2025;19:00;50.552,35
25.08.2025;20:00;50.864,56
25.08.2025;21:00;49.512,30
25.08.2025;22:00;47.780,78
25.08.2025;23:00;45.966,22
26.08.2025;00:00;43.921,52
26.08.2025;01:00;42.084,70
26.08.2025;02:00;40.501,00
26.08.2025;03:00;39.392,50
26.08.2025;04:00;38.444,04
26.08.2025;05:00;38.103,29
26.08.2025;06:00;37.190,48
26.08.2025;07:00;39.359,43
26.08.2025;08:00;44.559,71
26.08.2025;09:00;47.965,24
26.08.2025;10:00;49.029,80
26.08.2025;11:00;50.366,38
26.08.2025;12:00;49.512,46
26.08.2025;13:00;50.904,65
26.08.2025;14:00;52.109,34
26.08.2025;15:00;51.920,74
26.08.2025;16:00;51.788,60
26.08.2025;17:00;51.288,73
26.08.2025;18:00;50.018,97
26.08.2025;19:00;50.485,40
26.08.2025;20:00;50.932,16
26.08.2025;21:00;49.251,98
26.08.2025;22:00;47.637,91
26.08.2025;23:00;45.660,72
27.08.2025;00:00;43.603,41
27.08.2025;01:00;41.804,62
27.08.2025;02:00;40.236,08
27.08.2025;03:00;39.010,89
27.08.2025;04:00;38.176,93
27.08.2025;05:00;37.829,02
27.08.2025;06:00;36.967,28
27.08.2025;07:00;38.651,03
27.08.2025;08:00;44.279,83
27.08.2025;09:00;47.238,00
27.08.2025;10:00;48.569,29
27.08.2025;11:00;49.769,12
27.08.2025;12:00;48.991,04
27.08.2025;13:00;50.471,53
27.08.2025;14:00;51.509,33
27.08.2025;15:00;51.322,29
27.08.2025;16:00;51.367,40
27.08.2025;17:00;51.283,64
27.08.2025;18:00;50.084,51
27.08.2025;19:00;50.905,93
27.08.2025;20:00;51.308,62
27.08.2025;21:00;49.569,39
27.08.2025;22:00;48.234,93
27.08.2025;23:00;46.317,61
28.08.2025;00:00;43.911,12
28.08.2025;01:00;41.847,52
28.08.2025;02:00;40.313,07
28.08.2025;03:00;39.037,55
28.08.2025;04:00;38.391,72
28.08.2025;05:00;38.040,00
28.08.2025;06:00;37.273,84
28.08.2025;07:00;39.010,76
28.08.2025;08:00;44.687,35
28.08.2025;09:00;47.482,82
28.08.2025;10:00;48.945,32
28.08.2025;11:00;50.218,35
28.08.2025;12:00;49.394,97
28.08.2025;13:00;50.611,77
28.08.2025;14:00;52.139,75
28.08.2025;15:00;51.919,45
28.08.2025;16:00;51.914,20
28.08.2025;17:00;51.499,16
28.08.2025;18:00;50.343,50
28.08.2025;19:00;51.122,74
28.08.2025;20:00;51.269,57
28.08.2025;21:00;49.647,15
28.08.2025;22:00;47.939,21
28.08.2025;23:00;45.963,00
29.08.2025;00:00;43.587,56
29.08.2025;01:00;41.658,97
29.08.2025;02:00;39.937,86
29.08.2025;03:00;38.974,96
29.08.2025;04:00;37.983,04
29.08.2025;05:00;37.897,77
29.08.2025;06:00;37.296,61
29.08.2025;07:00;38.967,77
29.08.2025;08:00;44.142,75
29.08.2025;09:00;47.398,07
29.08.2025;10:00;49.032,48
29.08.2025;11:00;50.269,30
29.08.2025;12:00;48.923,22
29.08.2025;13:00;49.172,24
29.08.2025;14:00;51.409,28
29.08.2025;15:00;51.110,22
29.08.2025;16:00;51.442,72
29.08.2025;17:00;50.354,13
29.08.2025;18:00;49.473,92
29.08.2025;19:00;50.072,81
29.08.2025;20:00;50.141,44
29.08.2025;21:00;48.285,32
29.08.2025;22:00;46.458,34
29.08.2025;23:00;44.295,97
30.08.2025;00:00;41.563,83
30.08.2025;01:00;39.566,87
30.08.2025;02:00;37.950,72
30.08.2025;03:00;36.444,20
30.08.2025;04:00;35.648,69
30.08.2025;05:00;35.094,53
30.08.2025;06:00;33.995,78
30.08.2025;07:00;34.254,65
30.08.2025;08:00;37.016,59
30.08.2025;09:00;39.572,20
30.08.2025;10:00;41.972,12
30.08.2025;11:00;43.676,92
30.08.2025;12:00;43.356,60
30.08.2025;13:00;44.424,73
30.08.2025;14:00;44.592,53
30.08.2025;15:00;44.370,76
30.08.2025;16:00;44.137,02
30.08.2025;17:00;44.064,48
30.08.2025;18:00;44.372,92
30.08.2025;19:00;45.444,76
30.08.2025;20:00;45.498,69
30.08.2025;21:00;43.811,87
30.08.2025;22:00;42.327,24
30.08.2025;23:00;40.653,52
31.08.2025;00:00;38.987,11
31.08.2025;01:00;37.493,23
31.08.2025;02:00;35.880,59
31.08.2025;03:00;34.772,64
31.08.2025;04:00;33.938,87
31.08.2025;05:00;33.476,31
31.08.2025;06:00;32.203,03
31.08.2025;07:00;32.359,92
31.08.2025;08:00;33.645,91
31.08.2025;09:00;35.617,67
31.08.2025;10:00;37.863,60
31.08.2025;11:00;39.234,72
31.08.2025;12:00;39.750,60
31.08.2025;13:00;41.013,42
31.08.2025;14:00;41.339,99
31.08.2025;15:00;41.952,61
31.08.2025;16:00;42.151,71
31.08.2025;17:00;42.405,94
31.08.2025;18:00;43.010,35
31.08.2025;19:00;44.341,71
31.08.2025;20:00;44.844,35
31.08.2025;21:00;43.960,62
31.08.2025;22:00;42.450,70
31.08.2025;23:00;40.986,94
1.09.2025;00:00;39.543,78
1.09.2025;01:00;37.672,59
1.09.2025;02:00;36.252,36
1.09.2025;03:00;35.179,71
1.09.2025;04:00;34.565,00
1.09.2025;05:00;34.331,99
1.09.2025;06:00;33.945,98
1.09.2025;07:00;36.738,26
1.09.2025;08:00;43.476,19
1.09.2025;09:00;47.207,32
1.09.2025;10:00;49.187,95
1.09.2025;11:00;50.646,65
1.09.2025;12:00;49.913,32
1.09.2025;13:00;51.249,03
1.09.2025;14:00;52.653,47
1.09.2025;15:00;50.843,83
1.09.2025;16:00;50.913,60
1.09.2025;17:00;51.674,68
1.09.2025;18:00;50.459,91
1.09.2025;19:00;50.887,29
1.09.2025;20:00;50.893,75
1.09.2025;21:00;49.288,16
1.09.2025;22:00;47.343,07
1.09.2025;23:00;45.134,22
2.09.2025;00:00;42.879,21
2.09.2025;01:00;41.057,21
2.09.2025;02:00;39.573,00
2.09.2025;03:00;38.439,07
2.09.2025;04:00;37.693,31
2.09.2025;05:00;37.367,47
2.09.2025;06:00;36.253,79
2.09.2025;07:00;38.844,58
2.09.2025;08:00;44.718,53
2.09.2025;09:00;47.710,36
2.09.2025;10:00;49.174,47
2.09.2025;11:00;50.539,08
2.09.2025;12:00;50.009,27
2.09.2025;13:00;51.439,53
2.09.2025;14:00;52.965,59
2.09.2025;15:00;52.702,18
2.09.2025;16:00;52.840,26
2.09.2025;17:00;52.170,77
2.09.2025;18:00;50.751,70
2.09.2025;19:00;51.288,94
2.09.2025;20:00;50.975,60
2.09.2025;21:00;49.638,55
2.09.2025;22:00;47.833,33
2.09.2025;23:00;45.640,62
3.09.2025;00:00;43.337,54
3.09.2025;01:00;41.369,37
3.09.2025;02:00;39.857,33
3.09.2025;03:00;38.619,61
3.09.2025;04:00;37.763,02
3.09.2025;05:00;37.705,25
3.09.2025;06:00;36.824,46
3.09.2025;07:00;38.886,86
3.09.2025;08:00;44.873,96
3.09.2025;09:00;48.088,85
3.09.2025;10:00;49.703,38
3.09.2025;11:00;51.057,65
3.09.2025;12:00;50.461,28
3.09.2025;13:00;51.707,80
3.09.2025;14:00;52.965,71
3.09.2025;15:00;52.795,41
3.09.2025;16:00;52.871,03
3.09.2025;17:00;52.265,93
3.09.2025;18:00;50.682,05
3.09.2025;19:00;51.252,98
3.09.2025;20:00;51.066,41
3.09.2025;21:00;49.559,55
3.09.2025;22:00;47.867,47
3.09.2025;23:00;45.716,74
4.09.2025;00:00;43.438,01
4.09.2025;01:00;41.479,57
4.09.2025;02:00;39.854,09
4.09.2025;03:00;38.560,41
4.09.2025;04:00;37.712,66
4.09.2025;05:00;37.262,43
4.09.2025;06:00;37.070,21
4.09.2025;07:00;39.145,52
4.09.2025;08:00;44.982,04
4.09.2025;09:00;47.866,84
4.09.2025;10:00;49.402,06
4.09.2025;11:00;50.413,38
4.09.2025;12:00;49.716,14
4.09.2025;13:00;51.105,00
4.09.2025;14:00;52.641,97
4.09.2025;15:00;52.317,94
4.09.2025;16:00;52.273,11
4.09.2025;17:00;51.759,61
4.09.2025;18:00;50.472,08
4.09.2025;19:00;51.298,21
4.09.2025;20:00;50.978,56
4.09.2025;21:00;49.376,90
4.09.2025;22:00;47.574,36
4.09.2025;23:00;44.781,23
5.09.2025;00:00;42.948,02
5.09.2025;01:00;41.012,90
5.09.2025;02:00;39.590,65
5.09.2025;03:00;38.352,53
5.09.2025;04:00;37.257,75
5.09.2025;05:00;37.186,61
5.09.2025;06:00;36.979,07
5.09.2025;07:00;38.836,57
5.09.2025;08:00;44.538,69
5.09.2025;09:00;47.964,75
5.09.2025;10:00;49.096,48
5.09.2025;11:00;51.023,66
5.09.2025;12:00;49.682,88
5.09.2025;13:00;50.156,78
5.09.2025;14:00;52.813,11
5.09.2025;15:00;52.275,15
5.09.2025;16:00;51.867,58
5.09.2025;17:00;51.258,31
5.09.2025;18:00;49.735,61
5.09.2025;19:00;50.186,58
5.09.2025;20:00;49.692,50
5.09.2025;21:00;47.976,01
5.09.2025;22:00;46.064,05
5.09.2025;23:00;44.309,67
6.09.2025;00:00;42.013,38
6.09.2025;01:00;40.263,13
6.09.2025;02:00;38.793,81
6.09.2025;03:00;37.829,12
6.09.2025;04:00;36.784,04
6.09.2025;05:00;36.321,00
6.09.2025;06:00;35.473,04
6.09.2025;07:00;36.245,69
6.09.2025;08:00;40.072,48
6.09.2025;09:00;42.864,43
6.09.2025;10:00;44.664,83
6.09.2025;11:00;45.854,13
6.09.2025;12:00;45.430,50
6.09.2025;13:00;45.767,03
6.09.2025;14:00;46.369,98
6.09.2025;15:00;45.979,78
6.09.2025;16:00;45.640,14
6.09.2025;17:00;45.363,00
6.09.2025;18:00;45.331,71
6.09.2025;19:00;46.601,18
6.09.2025;20:00;46.139,96
6.09.2025;21:00;44.669,39
6.09.2025;22:00;43.003,64
6.09.2025;23:00;41.054,75
7.09.2025;00:00;39.111,35
7.09.2025;01:00;37.370,66
7.09.2025;02:00;35.746,11
7.09.2025;03:00;34.676,79
7.09.2025;04:00;33.646,68
7.09.2025;05:00;33.426,90
7.09.2025;06:00;32.142,11
7.09.2025;07:00;31.765,61
7.09.2025;08:00;32.792,68
7.09.2025;09:00;35.399,28
7.09.2025;10:00;37.355,35
7.09.2025;11:00;38.605,44
7.09.2025;12:00;39.052,00
7.09.2025;13:00;39.971,88
7.09.2025;14:00;39.970,81
7.09.2025;15:00;39.723,91
7.09.2025;16:00;39.500,23
7.09.2025;17:00;39.463,59
7.09.2025;18:00;40.646,89
7.09.2025;19:00;42.503,40
7.09.2025;20:00;42.700,13
7.09.2025;21:00;41.512,13
7.09.2025;22:00;40.809,27
7.09.2025;23:00;38.996,47
8.09.2025;00:00;37.257,90
8.09.2025;01:00;35.593,02
8.09.2025;02:00;34.367,92
8.09.2025;03:00;33.485,64
8.09.2025;04:00;32.832,41
8.09.2025;05:00;32.946,78
8.09.2025;06:00;32.869,15
8.09.2025;07:00;35.594,22
8.09.2025;08:00;41.502,97
8.09.2025;09:00;44.897,12
8.09.2025;10:00;46.410,16
8.09.2025;11:00;47.177,96
8.09.2025;12:00;45.785,46
8.09.2025;13:00;46.772,80
8.09.2025;14:00;47.830,60
8.09.2025;15:00;48.269,24
8.09.2025;16:00;48.176,51
8.09.2025;17:00;47.552,16
8.09.2025;18:00;46.214,30
8.09.2025;19:00;47.118,90
8.09.2025;20:00;46.799,44
8.09.2025;21:00;45.364,70
8.09.2025;22:00;43.676,24
8.09.2025;23:00;41.403,88
9.09.2025;00:00;39.031,67
9.09.2025;01:00;37.661,45
9.09.2025;02:00;36.530,30
9.09.2025;03:00;35.620,49
9.09.2025;04:00;35.059,69
9.09.2025;05:00;35.058,51
9.09.2025;06:00;35.341,32
9.09.2025;07:00;37.157,23
9.09.2025;08:00;42.150,79
9.09.2025;09:00;45.013,24
9.09.2025;10:00;45.776,33
9.09.2025;11:00;46.862,43
9.09.2025;12:00;45.700,13
9.09.2025;13:00;46.912,87
9.09.2025;14:00;48.261,37
9.09.2025;15:00;48.416,37
9.09.2025;16:00;48.472,04
9.09.2025;17:00;48.206,97
9.09.2025;18:00;47.291,67
9.09.2025;19:00;48.178,49
9.09.2025;20:00;47.835,12
9.09.2025;21:00;46.237,45
9.09.2025;22:00;44.402,08
9.09.2025;23:00;42.027,30
10.09.2025;00:00;39.609,81
10.09.2025;01:00;38.082,22
10.09.2025;02:00;36.670,02
10.09.2025;03:00;35.615,26
10.09.2025;04:00;35.173,32
10.09.2025;05:00;35.203,64
10.09.2025;06:00;35.169,46
10.09.2025;07:00;37.069,37
10.09.2025;08:00;42.407,58
10.09.2025;09:00;45.557,37
10.09.2025;10:00;46.338,52
10.09.2025;11:00;47.572,67
10.09.2025;12:00;46.501,23
10.09.2025;13:00;47.504,13
10.09.2025;14:00;48.575,58
10.09.2025;15:00;48.415,39
10.09.2025;16:00;48.651,60
10.09.2025;17:00;48.792,91
10.09.2025;18:00;47.868,82
10.09.2025;19:00;48.498,20
10.09.2025;20:00;48.029,57
10.09.2025;21:00;46.272,85
10.09.2025;22:00;44.349,69
10.09.2025;23:00;42.118,87
11.09.2025;00:00;39.856,23
11.09.2025;01:00;38.080,96
11.09.2025;02:00;36.446,84
11.09.2025;03:00;35.380,83
11.09.2025;04:00;35.027,77
11.09.2025;05:00;35.363,92
11.09.2025;06:00;35.432,37
11.09.2025;07:00;37.360,38
11.09.2025;08:00;42.666,57
11.09.2025;09:00;45.051,81
11.09.2025;10:00;46.073,76
11.09.2025;11:00;47.215,27
11.09.2025;12:00;46.039,13
11.09.2025;13:00;47.358,22
11.09.2025;14:00;48.702,00
11.09.2025;15:00;48.351,90
11.09.2025;16:00;48.343,11
11.09.2025;17:00;48.574,78
11.09.2025;18:00;47.749,44
11.09.2025;19:00;48.600,92
11.09.2025;20:00;47.998,74
11.09.2025;21:00;46.426,94
11.09.2025;22:00;44.596,25
11.09.2025;23:00;42.347,16
12.09.2025;00:00;39.936,40
12.09.2025;01:00;38.240,55
12.09.2025;02:00;36.642,16
12.09.2025;03:00;35.379,61
12.09.2025;04:00;35.097,90
12.09.2025;05:00;35.325,54
12.09.2025;06:00;35.734,54
12.09.2025;07:00;37.338,36
12.09.2025;08:00;42.638,33
12.09.2025;09:00;45.694,69
12.09.2025;10:00;46.928,04
12.09.2025;11:00;48.006,31
12.09.2025;12:00;46.070,10
12.09.2025;13:00;46.117,45
12.09.2025;14:00;48.603,94
12.09.2025;15:00;48.833,52
12.09.2025;16:00;48.867,22
12.09.2025;17:00;48.994,49
12.09.2025;18:00;47.949,34
12.09.2025;19:00;48.526,94
12.09.2025;20:00;47.856,65
12.09.2025;21:00;46.302,39
12.09.2025;22:00;44.305,10
12.09.2025;23:00;42.180,59
13.09.2025;00:00;39.839,10
13.09.2025;01:00;38.110,57
13.09.2025;02:00;36.498,19
13.09.2025;03:00;35.225,90
13.09.2025;04:00;34.120,05
13.09.2025;05:00;34.695,12
13.09.2025;06:00;34.263,32
13.09.2025;07:00;34.843,55
13.09.2025;08:00;38.656,90
13.09.2025;09:00;41.447,45
13.09.2025;10:00;43.182,72
13.09.2025;11:00;44.362,36
13.09.2025;12:00;43.562,41
13.09.2025;13:00;44.642,74
13.09.2025;14:00;45.033,33
13.09.2025;15:00;44.834,42
13.09.2025;16:00;44.969,80
13.09.2025;17:00;45.511,57
13.09.2025;18:00;45.483,77
13.09.2025;19:00;46.826,15
13.09.2025;20:00;46.081,49
13.09.2025;21:00;44.533,30
13.09.2025;22:00;42.804,16
13.09.2025;23:00;40.603,87
14.09.2025;00:00;38.254,78
14.09.2025;01:00;36.572,53
14.09.2025;02:00;34.986,94
14.09.2025;03:00;33.583,65
14.09.2025;04:00;32.983,17
14.09.2025;05:00;32.592,86
14.09.2025;06:00;31.936,91
14.09.2025;07:00;31.211,73
14.09.2025;08:00;32.684,78
14.09.2025;09:00;34.690,27
14.09.2025;10:00;36.857,08
14.09.2025;11:00;38.172,06
14.09.2025;12:00;38.421,40
14.09.2025;13:00;39.184,84
14.09.2025;14:00;39.227,58
14.09.2025;15:00;39.392,27
14.09.2025;16:00;39.362,18
14.09.2025;17:00;40.227,18
14.09.2025;18:00;41.168,40
14.09.2025;19:00;43.001,07
14.09.2025;20:00;42.625,01
14.09.2025;21:00;41.432,81
14.09.2025;22:00;39.255,21
14.09.2025;23:00;38.070,30
15.09.2025;00:00;36.294,89
15.09.2025;01:00;34.695,29
15.09.2025;02:00;33.390,21
15.09.2025;03:00;32.356,68
15.09.2025;04:00;32.103,12
15.09.2025;05:00;32.219,30
15.09.2025;06:00;32.537,34
15.09.2025;07:00;35.197,19
15.09.2025;08:00;41.310,53
15.09.2025;09:00;44.586,73
15.09.2025;10:00;45.876,97
15.09.2025;11:00;47.106,32
15.09.2025;12:00;46.506,33
15.09.2025;13:00;47.022,03
15.09.2025;14:00;47.714,84
15.09.2025;15:00;47.748,14
15.09.2025;16:00;47.958,87
15.09.2025;17:00;48.379,18
15.09.2025;18:00;47.386,09
15.09.2025;19:00;48.104,11
15.09.2025;20:00;47.354,12
15.09.2025;21:00;45.820,23
15.09.2025;22:00;43.975,84
15.09.2025;23:00;41.706,23
16.09.2025;00:00;39.217,79
16.09.2025;01:00;37.525,29
16.09.2025;02:00;36.049,62
16.09.2025;03:00;34.952,24
16.09.2025;04:00;34.453,47
16.09.2025;05:00;34.649,77
16.09.2025;06:00;34.918,74
16.09.2025;07:00;36.874,81
16.09.2025;08:00;42.157,78
16.09.2025;09:00;44.868,65
16.09.2025;10:00;45.840,39
16.09.2025;11:00;46.712,64
16.09.2025;12:00;45.512,25
16.09.2025;13:00;47.046,04
16.09.2025;14:00;47.364,47
16.09.2025;15:00;47.774,86
16.09.2025;16:00;47.955,05
16.09.2025;17:00;48.036,99
16.09.2025;18:00;47.563,83
16.09.2025;19:00;48.271,61
16.09.2025;20:00;47.513,48
16.09.2025;21:00;45.856,79
16.09.2025;22:00;43.993,94
16.09.2025;23:00;41.198,87
17.09.2025;00:00;39.163,12
17.09.2025;01:00;37.551,02
17.09.2025;02:00;36.207,08
17.09.2025;03:00;35.145,94
17.09.2025;04:00;34.659,00
17.09.2025;05:00;34.882,29
17.09.2025;06:00;34.958,95
17.09.2025;07:00;36.902,10
17.09.2025;08:00;41.677,23
17.09.2025;09:00;44.550,96
17.09.2025;10:00;45.784,86
17.09.2025;11:00;46.558,57
17.09.2025;12:00;45.057,85
17.09.2025;13:00;46.444,72
17.09.2025;14:00;47.734,66
17.09.2025;15:00;47.664,38
17.09.2025;16:00;47.553,52
17.09.2025;17:00;47.822,22
17.09.2025;18:00;47.328,41
17.09.2025;19:00;47.838,87
17.09.2025;20:00;47.099,98
17.09.2025;21:00;45.708,80
17.09.2025;22:00;43.635,25
17.09.2025;23:00;41.212,51
18.09.2025;00:00;39.259,87
18.09.2025;01:00;37.506,60
18.09.2025;02:00;36.106,78
18.09.2025;03:00;35.018,65
18.09.2025;04:00;34.490,37
18.09.2025;05:00;34.711,97
18.09.2025;06:00;35.000,66
18.09.2025;07:00;36.998,94
18.09.2025;08:00;41.950,69
18.09.2025;09:00;44.488,49
18.09.2025;10:00;45.505,67
18.09.2025;11:00;46.126,64
18.09.2025;12:00;44.723,82
18.09.2025;13:00;45.609,76
18.09.2025;14:00;45.934,34
18.09.2025;15:00;45.708,54
18.09.2025;16:00;46.003,12
18.09.2025;17:00;46.445,10
18.09.2025;18:00;46.067,89
18.09.2025;19:00;46.707,43
18.09.2025;20:00;45.586,01
18.09.2025;21:00;44.167,92
18.09.2025;22:00;42.497,58
18.09.2025;23:00;40.017,44
19.09.2025;00:00;37.712,60
19.09.2025;01:00;35.767,62
19.09.2025;02:00;34.538,59
19.09.2025;03:00;33.574,26
19.09.2025;04:00;33.168,43
19.09.2025;05:00;33.410,35
19.09.2025;06:00;33.707,94
19.09.2025;07:00;35.421,34
19.09.2025;08:00;40.150,58
19.09.2025;09:00;42.306,85
19.09.2025;10:00;42.895,17
19.09.2025;11:00;43.387,51
19.09.2025;12:00;41.331,75
19.09.2025;13:00;41.548,58
19.09.2025;14:00;43.971,07
19.09.2025;15:00;43.569,17
19.09.2025;16:00;44.308,85
19.09.2025;17:00;44.490,94
19.09.2025;18:00;44.109,12
19.09.2025;19:00;44.725,76
19.09.2025;20:00;43.123,04
19.09.2025;21:00;41.867,92
19.09.2025;22:00;40.239,45
19.09.2025;23:00;37.948,27
20.09.2025;00:00;35.960,75
20.09.2025;01:00;34.384,16
20.09.2025;02:00;33.272,06
20.09.2025;03:00;32.313,83
20.09.2025;04:00;31.862,15
20.09.2025;05:00;32.042,60
20.09.2025;06:00;31.837,61
20.09.2025;07:00;32.355,82
20.09.2025;08:00;35.496,05
20.09.2025;09:00;38.102,09
20.09.2025;10:00;39.375,19
20.09.2025;11:00;40.276,94
20.09.2025;12:00;39.440,76
20.09.2025;13:00;40.030,46
20.09.2025;14:00;40.435,31
20.09.2025;15:00;39.779,00
20.09.2025;16:00;40.376,23
20.09.2025;17:00;40.950,98
20.09.2025;18:00;41.757,93
20.09.2025;19:00;43.084,70
20.09.2025;20:00;42.258,27
20.09.2025;21:00;40.761,07
20.09.2025;22:00;39.047,78
20.09.2025;23:00;37.125,99
21.09.2025;00:00;34.868,36
21.09.2025;01:00;33.267,03
21.09.2025;02:00;31.878,84
21.09.2025;03:00;30.811,48
21.09.2025;04:00;30.380,38
21.09.2025;05:00;30.534,32
21.09.2025;06:00;29.732,43
21.09.2025;07:00;28.595,03
21.09.2025;08:00;29.617,32
21.09.2025;09:00;31.605,16
21.09.2025;10:00;33.059,69
21.09.2025;11:00;33.851,61
21.09.2025;12:00;34.119,68
21.09.2025;13:00;34.775,96
21.09.2025;14:00;35.109,71
21.09.2025;15:00;34.994,48
21.09.2025;16:00;35.398,64
21.09.2025;17:00;36.770,88
21.09.2025;18:00;38.052,62
21.09.2025;19:00;39.998,74
21.09.2025;20:00;39.441,04
21.09.2025;21:00;38.188,42
21.09.2025;22:00;36.676,52
21.09.2025;23:00;34.767,31
22.09.2025;00:00;33.154,92
22.09.2025;01:00;31.725,25
22.09.2025;02:00;30.718,84
22.09.2025;03:00;30.010,34
22.09.2025;04:00;29.735,66
22.09.2025;05:00;30.161,24
22.09.2025;06:00;30.772,36
22.09.2025;07:00;32.782,29
22.09.2025;08:00;38.554,78
22.09.2025;09:00;40.995,49
22.09.2025;10:00;42.446,89
22.09.2025;11:00;43.223,97
22.09.2025;12:00;42.089,53
22.09.2025;13:00;43.223,71
22.09.2025;14:00;43.969,60
22.09.2025;15:00;44.348,42
22.09.2025;16:00;44.476,59
22.09.2025;17:00;44.266,02
22.09.2025;18:00;44.227,27
22.09.2025;19:00;44.790,88
22.09.2025;20:00;43.780,78
22.09.2025;21:00;42.228,18
22.09.2025;22:00;41.172,79
22.09.2025;23:00;38.118,26
23.09.2025;00:00;36.722,09
23.09.2025;01:00;35.207,34
23.09.2025;02:00;33.815,24
23.09.2025;03:00;32.883,17
23.09.2025;04:00;32.621,42
23.09.2025;05:00;33.127,71
23.09.2025;06:00;33.600,33
23.09.2025;07:00;35.169,44
23.09.2025;08:00;40.207,06
23.09.2025;09:00;42.603,19
23.09.2025;10:00;43.459,60
23.09.2025;11:00;44.130,88
23.09.2025;12:00;42.588,71
23.09.2025;13:00;43.614,26
23.09.2025;14:00;44.790,32
23.09.2025;15:00;44.769,93
23.09.2025;16:00;44.839,29
23.09.2025;17:00;45.406,54
23.09.2025;18:00;45.249,82
23.09.2025;19:00;45.920,41
23.09.2025;20:00;44.843,09
23.09.2025;21:00;43.257,12
23.09.2025;22:00;41.283,92
23.09.2025;23:00;39.143,75
24.09.2025;00:00;36.946,18
24.09.2025;01:00;35.298,87
24.09.2025;02:00;34.147,72
24.09.2025;03:00;33.142,48
24.09.2025;04:00;32.780,01
24.09.2025;05:00;33.300,94
24.09.2025;06:00;33.705,45
24.09.2025;07:00;35.273,31
24.09.2025;08:00;40.424,63
24.09.2025;09:00;42.666,90
24.09.2025;10:00;43.537,93
24.09.2025;11:00;44.396,14
24.09.2025;12:00;42.911,58
24.09.2025;13:00;43.879,31
24.09.2025;14:00;45.045,72
24.09.2025;15:00;45.149,88
24.09.2025;16:00;45.465,34
24.09.2025;17:00;45.674,47
24.09.2025;18:00;45.539,02
24.09.2025;19:00;46.047,51
24.09.2025;20:00;45.144,05
24.09.2025;21:00;43.682,88
24.09.2025;22:00;41.617,23
24.09.2025;23:00;39.564,05
25.09.2025;00:00;36.908,53
25.09.2025;01:00;35.476,13
25.09.2025;02:00;34.267,66
25.09.2025;03:00;33.258,78
25.09.2025;04:00;32.876,89
25.09.2025;05:00;33.354,14
25.09.2025;06:00;34.099,37
25.09.2025;07:00;35.659,21
25.09.2025;08:00;40.637,04
25.09.2025;09:00;42.962,10
25.09.2025;10:00;43.784,55
25.09.2025;11:00;44.240,68
25.09.2025;12:00;42.670,24
25.09.2025;13:00;43.787,47
25.09.2025;14:00;44.802,77
25.09.2025;15:00;44.803,52
25.09.2025;16:00;45.205,99
25.09.2025;17:00;45.815,89
25.09.2025;18:00;45.401,88
25.09.2025;19:00;45.894,31
25.09.2025;20:00;44.697,41
25.09.2025;21:00;43.412,16
25.09.2025;22:00;41.485,41
25.09.2025;23:00;38.901,39
26.09.2025;00:00;37.121,49
26.09.2025;01:00;35.441,68
26.09.2025;02:00;34.122,30
26.09.2025;03:00;32.954,22
26.09.2025;04:00;32.855,89
26.09.2025;05:00;33.166,05
26.09.2025;06:00;33.843,81
26.09.2025;07:00;35.472,57
26.09.2025;08:00;40.270,51
26.09.2025;09:00;42.697,71
26.09.2025;10:00;43.416,93
26.09.2025;11:00;43.914,92
26.09.2025;12:00;42.087,94
26.09.2025;13:00;42.252,57
26.09.2025;14:00;44.194,26
26.09.2025;15:00;44.196,77
26.09.2025;16:00;44.518,49
26.09.2025;17:00;44.482,80
26.09.2025;18:00;44.856,38
26.09.2025;19:00;45.272,59
26.09.2025;20:00;44.080,07
26.09.2025;21:00;42.497,08
26.09.2025;22:00;40.780,88
26.09.2025;23:00;38.821,01
27.09.2025;00:00;36.619,91
27.09.2025;01:00;34.880,54
27.09.2025;02:00;33.569,93
27.09.2025;03:00;32.470,94
27.09.2025;04:00;31.883,61
27.09.2025;05:00;32.228,61
27.09.2025;06:00;32.098,47
27.09.2025;07:00;32.494,43
27.09.2025;08:00;36.226,15
27.09.2025;09:00;38.408,51
27.09.2025;10:00;39.727,19
27.09.2025;11:00;40.285,96
27.09.2025;12:00;39.833,52
27.09.2025;13:00;40.019,13
27.09.2025;14:00;40.286,32
27.09.2025;15:00;39.861,21
27.09.2025;16:00;40.204,29
27.09.2025;17:00;41.116,34
27.09.2025;18:00;42.236,06
27.09.2025;19:00;42.991,05
27.09.2025;20:00;42.022,12
27.09.2025;21:00;40.826,63
27.09.2025;22:00;38.964,51
27.09.2025;23:00;36.827,66
28.09.2025;00:00;34.706,50
28.09.2025;01:00;33.208,25
28.09.2025;02:00;31.821,52
28.09.2025;03:00;30.608,93
28.09.2025;04:00;30.020,67
28.09.2025;05:00;30.006,46
28.09.2025;06:00;29.713,12
28.09.2025;07:00;28.701,47
28.09.2025;08:00;29.901,16
28.09.2025;09:00;31.708,00
28.09.2025;10:00;33.375,48
28.09.2025;11:00;34.669,90
28.09.2025;12:00;34.560,27
28.09.2025;13:00;35.199,48
28.09.2025;14:00;35.467,60
28.09.2025;15:00;35.264,73
28.09.2025;16:00;35.344,20
28.09.2025;17:00;36.507,66
28.09.2025;18:00;38.051,83
28.09.2025;19:00;39.572,26
28.09.2025;20:00;38.932,93
28.09.2025;21:00;37.597,47
28.09.2025;22:00;36.250,54
28.09.2025;23:00;34.046,29
29.09.2025;00:00;32.759,74
29.09.2025;01:00;31.359,65
29.09.2025;02:00;30.240,86
29.09.2025;03:00;29.226,83
29.09.2025;04:00;28.670,08
29.09.2025;05:00;29.078,10
29.09.2025;06:00;29.721,23
29.09.2025;07:00;32.149,04
29.09.2025;08:00;38.114,09
29.09.2025;09:00;40.985,54
29.09.2025;10:00;42.279,11
29.09.2025;11:00;43.200,55
29.09.2025;12:00;42.018,07
29.09.2025;13:00;43.096,80
29.09.2025;14:00;43.990,56
29.09.2025;15:00;44.178,14
29.09.2025;16:00;43.904,78
29.09.2025;17:00;44.155,76
29.09.2025;18:00;44.066,93
29.09.2025;19:00;44.218,19
29.09.2025;20:00;42.953,21
29.09.2025;21:00;40.808,55
29.09.2025;22:00;39.797,08
29.09.2025;23:00;37.550,87
30.09.2025;00:00;35.480,07
30.09.2025;01:00;34.067,57
30.09.2025;02:00;32.673,73
30.09.2025;03:00;32.033,93
30.09.2025;04:00;31.667,96
30.09.2025;05:00;32.063,83
30.09.2025;06:00;32.616,82
30.09.2025;07:00;34.229,21
30.09.2025;08:00;39.597,24
30.09.2025;09:00;41.674,45
30.09.2025;10:00;42.635,46
30.09.2025;11:00;43.141,30
30.09.2025;12:00;41.468,11
30.09.2025;13:00;41.987,69
30.09.2025;14:00;42.683,09
30.09.2025;15:00;42.401,36
30.09.2025;16:00;42.847,19
30.09.2025;17:00;43.340,74
30.09.2025;18:00;43.329,00
30.09.2025;19:00;43.901,92
30.09.2025;20:00;42.636,54
30.09.2025;21:00;41.431,94
30.09.2025;22:00;39.048,06
30.09.2025;23:00;36.987,90
1.10.2025;00:00;34.793,31
1.10.2025;01:00;33.226,65
1.10.2025;02:00;32.013,63
1.10.2025;03:00;31.048,83
1.10.2025;04:00;30.780,25
1.10.2025;05:00;31.215,46
1.10.2025;06:00;31.689,84
1.10.2025;07:00;34.363,36
1.10.2025;08:00;39.545,13
1.10.2025;09:00;40.968,50
1.10.2025;10:00;41.645,54
1.10.2025;11:00;41.944,40
1.10.2025;12:00;40.267,47
1.10.2025;13:00;40.608,54
1.10.2025;14:00;41.573,97
1.10.2025;15:00;41.404,47
1.10.2025;16:00;41.975,87
1.10.2025;17:00;42.560,36
1.10.2025;18:00;42.951,58
1.10.2025;19:00;43.546,28
1.10.2025;20:00;42.492,02
1.10.2025;21:00;41.039,14
1.10.2025;22:00;39.299,00
1.10.2025;23:00;37.349,73
2.10.2025;00:00;35.233,36
2.10.2025;01:00;33.519,66
2.10.2025;02:00;32.300,03
2.10.2025;03:00;31.697,12
2.10.2025;04:00;31.484,89
2.10.2025;05:00;31.710,96
2.10.2025;06:00;32.552,78
2.10.2025;07:00;34.574,16
2.10.2025;08:00;39.334,81
2.10.2025;09:00;41.213,54
2.10.2025;10:00;41.566,37
2.10.2025;11:00;41.132,50
2.10.2025;12:00;39.728,83
2.10.2025;13:00;40.850,91
2.10.2025;14:00;41.863,50
2.10.2025;15:00;41.643,44
2.10.2025;16:00;42.498,21
2.10.2025;17:00;43.097,23
2.10.2025;18:00;43.521,12
2.10.2025;19:00;43.848,26
2.10.2025;20:00;42.721,02
2.10.2025;21:00;41.167,93
2.10.2025;22:00;39.561,06
2.10.2025;23:00;37.806,99
3.10.2025;00:00;35.330,08
3.10.2025;01:00;33.928,38
3.10.2025;02:00;32.599,70
3.10.2025;03:00;31.790,06
3.10.2025;04:00;31.553,84
3.10.2025;05:00;31.933,56
3.10.2025;06:00;32.674,37
3.10.2025;07:00;34.477,03
3.10.2025;08:00;39.584,54
3.10.2025;09:00;42.066,10
3.10.2025;10:00;42.577,01
3.10.2025;11:00;43.880,65
3.10.2025;12:00;40.753,10
3.10.2025;13:00;40.723,58
3.10.2025;14:00;42.785,58
3.10.2025;15:00;43.129,60
3.10.2025;16:00;43.244,33
3.10.2025;17:00;43.090,48
3.10.2025;18:00;43.175,43
3.10.2025;19:00;43.419,34
3.10.2025;20:00;42.147,90
3.10.2025;21:00;40.678,26
3.10.2025;22:00;38.792,70
3.10.2025;23:00;37.160,42
4.10.2025;00:00;34.983,25
4.10.2025;01:00;33.519,58
4.10.2025;02:00;32.217,28
4.10.2025;03:00;31.149,37
4.10.2025;04:00;30.690,62
4.10.2025;05:00;31.044,18
4.10.2025;06:00;31.238,66
4.10.2025;07:00;31.945,18
4.10.2025;08:00;35.572,74
4.10.2025;09:00;37.528,72
4.10.2025;10:00;38.779,11
4.10.2025;11:00;39.711,97
4.10.2025;12:00;38.581,37
4.10.2025;13:00;39.013,96
4.10.2025;14:00;38.815,47
4.10.2025;15:00;38.190,26
4.10.2025;16:00;38.462,46
4.10.2025;17:00;39.377,86
4.10.2025;18:00;40.724,55
4.10.2025;19:00;41.463,26
4.10.2025;20:00;40.368,06
4.10.2025;21:00;38.910,98
4.10.2025;22:00;37.323,46
4.10.2025;23:00;35.312,70
5.10.2025;00:00;33.200,23
5.10.2025;01:00;31.808,08
5.10.2025;02:00;30.227,01
5.10.2025;03:00;29.383,37
5.10.2025;04:00;28.845,10
5.10.2025;05:00;28.965,05
5.10.2025;06:00;28.792,83
5.10.2025;07:00;28.230,39
5.10.2025;08:00;29.162,24
5.10.2025;09:00;30.333,41
5.10.2025;10:00;31.833,34
5.10.2025;11:00;32.760,89
5.10.2025;12:00;32.384,65
5.10.2025;13:00;32.877,23
5.10.2025;14:00;32.526,85
5.10.2025;15:00;32.187,02
5.10.2025;16:00;32.629,40
5.10.2025;17:00;34.092,64
5.10.2025;18:00;36.630,97
5.10.2025;19:00;37.980,34
5.10.2025;20:00;37.380,95
5.10.2025;21:00;36.343,29
5.10.2025;22:00;34.916,48
5.10.2025;23:00;33.104,56
6.10.2025;00:00;31.545,43
6.10.2025;01:00;30.313,86
6.10.2025;02:00;29.289,21
6.10.2025;03:00;28.524,43
6.10.2025;04:00;28.631,94
6.10.2025;05:00;29.156,98
6.10.2025;06:00;30.174,66
6.10.2025;07:00;32.798,65
6.10.2025;08:00;38.337,97
6.10.2025;09:00;40.408,63
6.10.2025;10:00;40.771,90
6.10.2025;11:00;41.297,90
6.10.2025;12:00;39.785,29
6.10.2025;13:00;40.660,65
6.10.2025;14:00;41.296,70
6.10.2025;15:00;41.083,68
6.10.2025;16:00;41.804,15
6.10.2025;17:00;42.633,92
6.10.2025;18:00;43.063,04
6.10.2025;19:00;43.159,25
6.10.2025;20:00;41.987,64
6.10.2025;21:00;40.622,56
6.10.2025;22:00;38.892,97
6.10.2025;23:00;36.820,51
7.10.2025;00:00;35.017,39
7.10.2025;01:00;33.361,33
7.10.2025;02:00;32.287,41
7.10.2025;03:00;31.187,27
7.10.2025;04:00;31.291,59
7.10.2025;05:00;31.451,03
7.10.2025;06:00;32.069,75
7.10.2025;07:00;34.317,16
7.10.2025;08:00;39.583,80
7.10.2025;09:00;41.520,10
7.10.2025;10:00;42.170,73
7.10.2025;11:00;43.282,00
7.10.2025;12:00;41.374,90
7.10.2025;13:00;41.836,10
7.10.2025;14:00;42.665,58
7.10.2025;15:00;42.521,65
7.10.2025;16:00;42.664,38
7.10.2025;17:00;42.942,84
7.10.2025;18:00;43.100,72
7.10.2025;19:00;43.192,85
7.10.2025;20:00;41.905,34
7.10.2025;21:00;40.556,73
7.10.2025;22:00;38.587,89
7.10.2025;23:00;36.813,14
8.10.2025;00:00;34.581,05
8.10.2025;01:00;33.091,52
8.10.2025;02:00;31.867,32
8.10.2025;03:00;31.051,73
8.10.2025;04:00;30.872,71
8.10.2025;05:00;31.255,13
8.10.2025;06:00;32.112,31
8.10.2025;07:00;34.260,85
8.10.2025;08:00;39.870,47
8.10.2025;09:00;41.985,12
8.10.2025;10:00;42.396,83
8.10.2025;11:00;43.392,98
8.10.2025;12:00;41.479,17
8.10.2025;13:00;41.844,74
8.10.2025;14:00;42.539,71
8.10.2025;15:00;42.013,70
8.10.2025;16:00;42.523,95
8.10.2025;17:00;42.733,98
8.10.2025;18:00;42.895,30
8.10.2025;19:00;42.881,18
8.10.2025;20:00;41.838,90
8.10.2025;21:00;40.516,69
8.10.2025;22:00;38.918,17
8.10.2025;23:00;36.833,73
9.10.2025;00:00;34.678,92
9.10.2025;01:00;33.210,29
9.10.2025;02:00;31.937,48
9.10.2025;03:00;31.130,99
9.10.2025;04:00;31.103,58
9.10.2025;05:00;31.384,25
9.10.2025;06:00;32.311,25
9.10.2025;07:00;34.499,53
9.10.2025;08:00;40.295,79
9.10.2025;09:00;43.033,07
9.10.2025;10:00;43.295,21
9.10.2025;11:00;43.739,98
9.10.2025;12:00;41.395,03
9.10.2025;13:00;41.991,04
9.10.2025;14:00;42.771,33
9.10.2025;15:00;42.339,40
9.10.2025;16:00;42.869,84
9.10.2025;17:00;42.872,66
9.10.2025;18:00;42.747,59
9.10.2025;19:00;42.645,07
9.10.2025;20:00;41.755,89
9.10.2025;21:00;40.724,37
9.10.2025;22:00;38.749,95
9.10.2025;23:00;36.819,01
10.10.2025;00:00;34.538,87
10.10.2025;01:00;32.926,25
10.10.2025;02:00;31.947,77
10.10.2025;03:00;31.133,62
10.10.2025;04:00;31.045,48
10.10.2025;05:00;31.359,06
10.10.2025;06:00;32.344,04
10.10.2025;07:00;34.818,64
10.10.2025;08:00;40.107,76
10.10.2025;09:00;42.018,10
10.10.2025;10:00;42.527,03
10.10.2025;11:00;42.989,68
10.10.2025;12:00;40.404,47
10.10.2025;13:00;40.525,60
10.10.2025;14:00;41.870,55
10.10.2025;15:00;40.951,34
10.10.2025;16:00;41.208,06
10.10.2025;17:00;41.845,73
10.10.2025;18:00;42.493,46
10.10.2025;19:00;42.425,02
10.10.2025;20:00;41.233,32
10.10.2025;21:00;40.104,93
10.10.2025;22:00;38.632,96
10.10.2025;23:00;36.740,36
11.10.2025;00:00;34.617,03
11.10.2025;01:00;32.992,78
11.10.2025;02:00;31.477,44
11.10.2025;03:00;30.502,72
11.10.2025;04:00;30.313,06
11.10.2025;05:00;30.605,84
11.10.2025;06:00;30.889,58
11.10.2025;07:00;31.690,94
11.10.2025;08:00;35.341,36
11.10.2025;09:00;36.695,57
11.10.2025;10:00;38.657,33
11.10.2025;11:00;39.433,70
11.10.2025;12:00;38.303,88
11.10.2025;13:00;38.498,35
11.10.2025;14:00;38.677,60
11.10.2025;15:00;38.322,43
11.10.2025;16:00;38.639,62
11.10.2025;17:00;39.710,47
11.10.2025;18:00;41.183,01
11.10.2025;19:00;41.175,85
11.10.2025;20:00;39.942,72
11.10.2025;21:00;38.676,98
11.10.2025;22:00;37.307,95
11.10.2025;23:00;35.171,09
12.10.2025;00:00;33.119,72
12.10.2025;01:00;31.473,28
12.10.2025;02:00;30.094,59
12.10.2025;03:00;28.972,18
12.10.2025;04:00;28.761,72
12.10.2025;05:00;28.861,84
12.10.2025;06:00;28.979,47
12.10.2025;07:00;28.163,48
12.10.2025;08:00;29.189,54
12.10.2025;09:00;30.729,22
12.10.2025;10:00;32.308,88
12.10.2025;11:00;33.185,48
12.10.2025;12:00;33.501,83
12.10.2025;13:00;34.213,79
12.10.2025;14:00;34.435,99
12.10.2025;15:00;34.336,08
12.10.2025;16:00;34.258,22
12.10.2025;17:00;34.965,95
12.10.2025;18:00;37.118,05
12.10.2025;19:00;37.799,48
12.10.2025;20:00;36.953,98
12.10.2025;21:00;35.885,41
12.10.2025;22:00;34.442,62
12.10.2025;23:00;32.589,68
13.10.2025;00:00;30.832,48
13.10.2025;01:00;29.466,68
13.10.2025;02:00;28.585,87
13.10.2025;03:00;27.790,58
13.10.2025;04:00;27.786,01
13.10.2025;05:00;28.370,75
13.10.2025;06:00;29.492,15
13.10.2025;07:00;32.476,33
13.10.2025;08:00;38.391,34
13.10.2025;09:00;40.482,51
13.10.2025;10:00;41.639,75
13.10.2025;11:00;41.903,88
13.10.2025;12:00;39.861,44
13.10.2025;13:00;39.720,16
13.10.2025;14:00;40.005,62
13.10.2025;15:00;39.506,89
13.10.2025;16:00;40.411,01
13.10.2025;17:00;41.740,17
13.10.2025;18:00;42.749,72
13.10.2025;19:00;42.659,76
13.10.2025;20:00;41.622,23
13.10.2025;21:00;40.348,65
13.10.2025;22:00;38.603,29
13.10.2025;23:00;36.733,13
14.10.2025;00:00;34.357,48
14.10.2025;01:00;32.804,03
14.10.2025;02:00;31.765,71
14.10.2025;03:00;30.981,14
14.10.2025;04:00;30.794,50
14.10.2025;05:00;31.263,07
14.10.2025;06:00;32.320,71
14.10.2025;07:00;34.464,95
14.10.2025;08:00;39.045,64
14.10.2025;09:00;40.818,74
14.10.2025;10:00;40.882,39
14.10.2025;11:00;41.146,09
14.10.2025;12:00;39.164,93
14.10.2025;13:00;39.626,17
14.10.2025;14:00;40.470,52
14.10.2025;15:00;40.410,18
14.10.2025;16:00;41.305,98
14.10.2025;17:00;42.434,41
14.10.2025;18:00;43.212,48
14.10.2025;19:00;43.019,11
14.10.2025;20:00;41.812,20
14.10.2025;21:00;40.410,70
14.10.2025;22:00;38.988,60
14.10.2025;23:00;36.708,03
15.10.2025;00:00;34.652,54
15.10.2025;01:00;33.010,59
15.10.2025;02:00;31.897,03
15.10.2025;03:00;31.257,00
15.10.2025;04:00;31.079,15
15.10.2025;05:00;31.335,35
15.10.2025;06:00;32.440,51
15.10.2025;07:00;34.724,43
15.10.2025;08:00;39.558,23
15.10.2025;09:00;41.008,16
15.10.2025;10:00;41.116,40
15.10.2025;11:00;41.196,41
15.10.2025;12:00;38.958,87
15.10.2025;13:00;38.633,05
15.10.2025;14:00;40.380,01
15.10.2025;15:00;40.360,23
15.10.2025;16:00;41.226,81
15.10.2025;17:00;42.292,28
15.10.2025;18:00;43.046,63
15.10.2025;19:00;42.811,02
15.10.2025;20:00;41.767,87
15.10.2025;21:00;40.577,02
15.10.2025;22:00;38.711,56
15.10.2025;23:00;36.398,34
16.10.2025;00:00;34.406,17
16.10.2025;01:00;33.053,89
16.10.2025;02:00;31.998,92
16.10.2025;03:00;31.205,66
16.10.2025;04:00;31.047,63
16.10.2025;05:00;31.548,10
16.10.2025;06:00;32.573,92
16.10.2025;07:00;34.901,40
16.10.2025;08:00;39.561,81
16.10.2025;09:00;41.372,19
16.10.2025;10:00;41.507,90
16.10.2025;11:00;41.844,07
16.10.2025;12:00;39.510,78
16.10.2025;13:00;39.845,88
16.10.2025;14:00;40.581,29
16.10.2025;15:00;40.770,79
16.10.2025;16:00;42.087,56
16.10.2025;17:00;43.264,82
16.10.2025;18:00;43.804,32
16.10.2025;19:00;43.251,52
16.10.2025;20:00;42.191,65
16.10.2025;21:00;40.924,25
16.10.2025;22:00;39.159,59
16.10.2025;23:00;36.880,76
17.10.2025;00:00;35.122,18
17.10.2025;01:00;33.494,90
17.10.2025;02:00;32.341,18
17.10.2025;03:00;31.726,75
17.10.2025;04:00;31.538,70
17.10.2025;05:00;31.903,33
17.10.2025;06:00;33.025,36
17.10.2025;07:00;35.370,97
17.10.2025;08:00;39.827,38
17.10.2025;09:00;41.281,53
17.10.2025;10:00;41.770,70
17.10.2025;11:00;41.633,75
17.10.2025;12:00;38.934,71
17.10.2025;13:00;38.745,36
17.10.2025;14:00;40.377,53
17.10.2025;15:00;40.450,99
17.10.2025;16:00;41.263,07
17.10.2025;17:00;41.757,45
17.10.2025;18:00;43.358,31
17.10.2025;19:00;42.811,69
17.10.2025;20:00;41.632,68
17.10.2025;21:00;40.288,45
17.10.2025;22:00;38.753,01
17.10.2025;23:00;36.945,70
18.10.2025;00:00;34.645,77
18.10.2025;01:00;33.107,95
18.10.2025;02:00;31.876,44
18.10.2025;03:00;31.062,13
18.10.2025;04:00;30.751,84
18.10.2025;05:00;30.814,28
18.10.2025;06:00;31.300,79
18.10.2025;07:00;31.906,96
18.10.2025;08:00;35.378,89
18.10.2025;09:00;37.591,20
18.10.2025;10:00;38.835,42
18.10.2025;11:00;39.441,02
18.10.2025;12:00;38.068,63
18.10.2025;13:00;38.670,23
18.10.2025;14:00;38.650,17
18.10.2025;15:00;38.157,79
18.10.2025;16:00;38.724,53
18.10.2025;17:00;39.435,27
18.10.2025;18:00;40.996,72
18.10.2025;19:00;40.187,53
18.10.2025;20:00;39.607,61
18.10.2025;21:00;38.456,70
18.10.2025;22:00;37.007,55
18.10.2025;23:00;35.094,00
19.10.2025;00:00;32.971,16
19.10.2025;01:00;31.420,04
19.10.2025;02:00;29.885,22
19.10.2025;03:00;29.378,45
19.10.2025;04:00;28.970,08
19.10.2025;05:00;29.030,45
19.10.2025;06:00;28.912,10
19.10.2025;07:00;28.451,47
19.10.2025;08:00;29.319,30
19.10.2025;09:00;30.157,88
19.10.2025;10:00;31.480,66
19.10.2025;11:00;32.755,40
19.10.2025;12:00;32.904,59
19.10.2025;13:00;33.651,75
19.10.2025;14:00;33.961,51
19.10.2025;15:00;34.121,07
19.10.2025;16:00;34.678,47
19.10.2025;17:00;35.766,61
19.10.2025;18:00;38.030,89
19.10.2025;19:00;38.118,08
19.10.2025;20:00;37.202,88
19.10.2025;21:00;36.133,32
19.10.2025;22:00;34.863,88
19.10.2025;23:00;33.158,28
20.10.2025;00:00;31.547,99
20.10.2025;01:00;30.279,34
20.10.2025;02:00;29.349,21
20.10.2025;03:00;28.870,74
20.10.2025;04:00;28.584,19
20.10.2025;05:00;29.167,49
20.10.2025;06:00;30.278,34
20.10.2025;07:00;32.963,07
20.10.2025;08:00;39.094,14
20.10.2025;09:00;41.559,00
20.10.2025;10:00;41.999,97
20.10.2025;11:00;42.378,87
20.10.2025;12:00;40.629,78
20.10.2025;13:00;40.965,56
20.10.2025;14:00;41.855,65
20.10.2025;15:00;41.963,92
20.10.2025;16:00;42.305,94
20.10.2025;17:00;43.238,80
20.10.2025;18:00;43.725,11
20.10.2025;19:00;43.054,86
20.10.2025;20:00;42.017,95
20.10.2025;21:00;40.585,28
20.10.2025;22:00;38.731,04
20.10.2025;23:00;36.827,74
21.10.2025;00:00;34.747,35
21.10.2025;01:00;33.339,30
21.10.2025;02:00;31.951,23
21.10.2025;03:00;31.269,50
21.10.2025;04:00;31.084,48
21.10.2025;05:00;31.415,34
21.10.2025;06:00;32.611,62
21.10.2025;07:00;34.847,37
21.10.2025;08:00;40.047,59
21.10.2025;09:00;41.752,25
21.10.2025;10:00;41.622,28
21.10.2025;11:00;41.010,03
21.10.2025;12:00;38.425,18
21.10.2025;13:00;39.031,58
21.10.2025;14:00;40.485,75
21.10.2025;15:00;41.381,65
21.10.2025;16:00;42.222,34
21.10.2025;17:00;43.183,95
21.10.2025;18:00;44.060,95
21.10.2025;19:00;42.778,40
21.10.2025;20:00;42.098,27
21.10.2025;21:00;40.883,08
21.10.2025;22:00;39.094,07
21.10.2025;23:00;36.709,25
22.10.2025;00:00;34.531,67
22.10.2025;01:00;33.010,19
22.10.2025;02:00;31.940,02
22.10.2025;03:00;31.252,45
22.10.2025;04:00;31.230,83
22.10.2025;05:00;31.141,09
22.10.2025;06:00;32.678,28
22.10.2025;07:00;34.797,22
22.10.2025;08:00;39.930,10
22.10.2025;09:00;41.471,60
22.10.2025;10:00;41.125,31
22.10.2025;11:00;41.444,88
22.10.2025;12:00;40.044,01
22.10.2025;13:00;40.738,26
22.10.2025;14:00;41.712,21
22.10.2025;15:00;41.427,23
22.10.2025;16:00;42.138,02
22.10.2025;17:00;43.290,13
22.10.2025;18:00;43.911,68
22.10.2025;19:00;42.969,92
22.10.2025;20:00;41.801,80
22.10.2025;21:00;40.508,75
22.10.2025;22:00;38.861,67
22.10.2025;23:00;36.849,60
23.10.2025;00:00;34.807,83
23.10.2025;01:00;33.286,12
23.10.2025;02:00;32.104,08
23.10.2025;03:00;31.460,73
23.10.2025;04:00;31.235,66
23.10.2025;05:00;31.699,40
23.10.2025;06:00;32.908,02
23.10.2025;07:00;34.802,38
23.10.2025;08:00;39.744,08
23.10.2025;09:00;41.757,86
23.10.2025;10:00;42.413,92
23.10.2025;11:00;43.049,98
23.10.2025;12:00;41.269,31
23.10.2025;13:00;41.751,25
23.10.2025;14:00;42.637,93
23.10.2025;15:00;42.645,71
23.10.2025;16:00;43.534,39
23.10.2025;17:00;43.843,37
23.10.2025;18:00;44.142,82
23.10.2025;19:00;43.381,99
23.10.2025;20:00;42.085,28
23.10.2025;21:00;40.782,05
23.10.2025;22:00;39.187,89
23.10.2025;23:00;37.038,45
24.10.2025;00:00;34.814,26
24.10.2025;01:00;33.378,87
24.10.2025;02:00;32.150,80
24.10.2025;03:00;31.513,11
24.10.2025;04:00;31.340,09
24.10.2025;05:00;31.664,45
24.10.2025;06:00;32.639,18
24.10.2025;07:00;34.640,94
24.10.2025;08:00;39.381,92
24.10.2025;09:00;41.360,09
24.10.2025;10:00;41.890,36
24.10.2025;11:00;42.121,21
24.10.2025;12:00;39.346,94
24.10.2025;13:00;40.017,98
24.10.2025;14:00;42.206,52
24.10.2025;15:00;42.389,73
24.10.2025;16:00;43.092,69
24.10.2025;17:00;43.656,33
24.10.2025;18:00;43.555,20
24.10.2025;19:00;42.445,01
24.10.2025;20:00;41.384,96
24.10.2025;21:00;39.969,88
24.10.2025;22:00;38.436,61
24.10.2025;23:00;36.547,96
25.10.2025;00:00;34.772,81
25.10.2025;01:00;32.827,64
25.10.2025;02:00;31.691,04
25.10.2025;03:00;30.852,21
25.10.2025;04:00;30.464,53
25.10.2025;05:00;30.614,97
25.10.2025;06:00;31.073,26
25.10.2025;07:00;31.949,91
25.10.2025;08:00;36.110,81
25.10.2025;09:00;38.301,07
25.10.2025;10:00;39.370,29
25.10.2025;11:00;40.168,38
25.10.2025;12:00;39.267,31
25.10.2025;13:00;38.704,25
25.10.2025;14:00;39.306,03
25.10.2025;15:00;38.449,00
25.10.2025;16:00;38.808,61
25.10.2025;17:00;39.678,31
25.10.2025;18:00;41.302,31
25.10.2025;19:00;40.599,46
25.10.2025;20:00;39.496,04
25.10.2025;21:00;38.220,84
25.10.2025;22:00;36.793,36
25.10.2025;23:00;34.439,48
26.10.2025;00:00;33.113,16
26.10.2025;01:00;31.484,55
26.10.2025;02:00;30.073,44
26.10.2025;03:00;29.369,35
26.10.2025;04:00;28.895,23
26.10.2025;05:00;28.954,25
26.10.2025;06:00;29.009,33
26.10.2025;07:00;28.459,14
26.10.2025;08:00;29.341,91
26.10.2025;09:00;30.723,61
26.10.2025;10:00;32.428,19
26.10.2025;11:00;32.983,66
26.10.2025;12:00;32.707,40
26.10.2025;13:00;32.504,00
26.10.2025;14:00;32.867,42
26.10.2025;15:00;33.100,59
26.10.2025;16:00;33.950,71
26.10.2025;17:00;35.455,34
26.10.2025;18:00;37.641,85
26.10.2025;19:00;37.637,90
26.10.2025;20:00;36.962,16
26.10.2025;21:00;35.968,55
26.10.2025;22:00;34.572,88
26.10.2025;23:00;32.868,18
27.10.2025;00:00;31.249,45
27.10.2025;01:00;29.813,61
27.10.2025;02:00;28.659,06
27.10.2025;03:00;28.163,90
27.10.2025;04:00;27.894,40
27.10.2025;05:00;28.287,49
27.10.2025;06:00;29.532,28
27.10.2025;07:00;32.101,10
27.10.2025;08:00;37.433,40
27.10.2025;09:00;38.938,28
27.10.2025;10:00;39.226,77
27.10.2025;11:00;40.182,49
27.10.2025;12:00;38.354,44
27.10.2025;13:00;39.250,61
27.10.2025;14:00;40.167,89
27.10.2025;15:00;40.540,38
27.10.2025;16:00;41.293,76
27.10.2025;17:00;42.315,94
27.10.2025;18:00;42.361,36
27.10.2025;19:00;41.344,65
27.10.2025;20:00;40.334,39
27.10.2025;21:00;38.921,60
27.10.2025;22:00;37.301,96
27.10.2025;23:00;35.016,67
28.10.2025;00:00;33.505,66
28.10.2025;01:00;31.947,67
28.10.2025;02:00;30.767,40
28.10.2025;03:00;30.041,51
28.10.2025;04:00;29.817,99
28.10.2025;05:00;30.263,23
28.10.2025;06:00;30.993,29
28.10.2025;07:00;32.703,91
28.10.2025;08:00;37.026,29
28.10.2025;09:00;38.500,46
28.10.2025;10:00;39.110,54
28.10.2025;11:00;39.471,20
28.10.2025;12:00;37.339,65
28.10.2025;13:00;37.393,60
28.10.2025;14:00;38.204,63
28.10.2025;15:00;38.155,31
28.10.2025;16:00;38.665,82
28.10.2025;17:00;39.836,47
28.10.2025;18:00;40.334,33
28.10.2025;19:00;39.384,12
28.10.2025;20:00;37.971,85
28.10.2025;21:00;36.768,14
28.10.2025;22:00;35.212,95
28.10.2025;23:00;32.725,99
29.10.2025;00:00;29.904,56
29.10.2025;01:00;29.853,42
29.10.2025;02:00;28.407,45
29.10.2025;03:00;27.954,62
29.10.2025;04:00;27.550,68
29.10.2025;05:00;27.765,11
29.10.2025;06:00;26.878,87
29.10.2025;07:00;26.252,76
29.10.2025;08:00;27.904,84
